ticker,60min_数据截至,60min_方向,60min_EMA20,60min_EMA60,60min_收盘,日线_数据截至,日线_方向,日线_EMA20,日线_EMA60,日线_收盘,周线_数据截至,周线_方向,周线_EMA20,周线_EMA60,周线_收盘,多头数,空头数,分层,日线涨跌%
ADBE,2026-08-18 15:30 ET,多,261.66,260.16,263.12,2026-08-18 00:00 ET,多,253.52,242.66,263.14,2026-08-17 00:00 ET,空,247.42,294.0,263.14,2,1,偏多,3.58
AMD,2026-08-18 15:30 ET,多,491.69,491.35,484.67,2026-08-18 00:00 ET,多,494.21,479.02,484.39,2026-08-17 00:00 ET,多,448.4,322.97,484.39,3,0,多头共振,-4.27
ABNB,2026-08-18 15:30 ET,多,183.1,177.68,183.24,2026-08-18 00:00 ET,多,167.07,152.28,183.25,2026-08-17 00:00 ET,多,150.61,138.66,183.25,3,0,多头共振,2.21
ALNY,2026-08-18 15:30 ET,多,226.97,226.23,228.61,2026-08-18 00:00 ET,空,237.69,267.17,228.61,2026-08-17 00:00 ET,空,276.43,312.31,228.61,1,2,偏空,1.79
GOOGL,2026-08-18 15:30 ET,空,344.42,347.47,344.07,2026-08-18 00:00 ET,空,349.15,351.92,344.2,2026-08-17 00:00 ET,多,346.46,303.91,344.2,1,2,偏空,0.06
GOOG,2026-08-18 15:30 ET,空,342.11,345.58,341.37,2026-08-18 00:00 ET,空,347.53,350.22,341.28,2026-08-17 00:00 ET,多,344.78,303.18,341.28,1,2,偏空,-0.05
AMZN,2026-08-18 15:30 ET,空,261.79,264.8,259.48,2026-08-18 00:00 ET,多,260.6,252.65,259.45,2026-08-17 00:00 ET,多,249.84,234.27,259.45,2,1,偏多,-0.71
AEP,2026-08-18 15:30 ET,多,126.16,125.91,126.37,2026-08-18 00:00 ET,空,127.61,129.89,126.35,2026-08-17 00:00 ET,多,129.63,122.67,126.35,2,1,偏多,-0.14
AMGN,2026-08-18 15:30 ET,多,420.78,413.48,425.27,2026-08-18 00:00 ET,多,400.99,376.23,425.28,2026-08-17 00:00 ET,多,372.01,343.08,425.28,3,0,多头共振,1.41
ADI,2026-08-18 15:30 ET,空,381.05,382.51,376.96,2026-08-18 00:00 ET,空,381.44,384.48,376.63,2026-08-17 00:00 ET,多,377.2,325.96,376.63,1,2,偏空,-3.5
AAPL,2026-08-18 15:30 ET,空,307.61,307.91,310.2,2026-08-18 00:00 ET,多,311.97,306.89,310.03,2026-08-17 00:00 ET,多,300.29,272.62,310.03,2,1,偏多,1.45
AMAT,2026-08-18 15:30 ET,空,519.36,526.56,514.38,2026-08-18 00:00 ET,多,530.62,521.78,514.33,2026-08-17 00:00 ET,多,492.54,374.67,514.33,2,1,偏多,-3.92
APP,2026-08-18 15:30 ET,空,312.56,329.14,307.27,2026-08-18 00:00 ET,空,363.66,426.07,307.26,2026-08-17 00:00 ET,空,433.09,446.55,307.26,0,3,空头共振,-1.51
ARM,2026-08-18 15:30 ET,空,264.51,269.71,253.4,2026-08-18 00:00 ET,空,272.6,278.78,253.32,2026-08-17 00:00 ET,多,264.3,204.83,253.32,1,2,偏空,-6.67
ASML,2026-08-18 15:30 ET,多,1825.32,1800.89,1802.98,2026-08-18 00:00 ET,多,1767.02,1717.07,1802.98,2026-08-17 00:00 ET,多,1664.73,1360.89,1802.98,3,0,多头共振,-4.26
ALAB,2026-08-18 15:30 ET,空,311.05,317.94,303.7,2026-08-18 00:00 ET,多,321.79,318.04,303.44,2026-08-17 00:00 ET,多,296.09,218.82,303.44,2,1,偏多,-5.23
ADSK,2026-08-18 15:30 ET,多,248.67,246.94,246.79,2026-08-18 00:00 ET,多,239.19,229.24,246.79,2026-08-17 00:00 ET,空,232.52,251.96,246.79,2,1,偏多,2.13
ADP,2026-08-18 15:30 ET,多,270.38,269.9,269.41,2026-08-18 00:00 ET,多,265.12,247.79,269.31,2026-08-17 00:00 ET,空,243.92,249.62,269.31,2,1,偏多,1.22
AXON,2026-08-18 15:30 ET,多,613.9,600.9,619.91,2026-08-18 00:00 ET,多,578.75,529.75,619.85,2026-08-17 00:00 ET,空,517.93,532.84,619.85,2,1,偏多,2.57
BKR,2026-08-18 15:30 ET,多,64.45,63.72,64.44,2026-08-18 00:00 ET,多,61.98,60.71,64.44,2026-08-17 00:00 ET,多,60.34,54.82,64.44,3,0,多头共振,-0.71
BKNG,2026-08-18 15:30 ET,多,209.93,208.76,208.23,2026-08-18 00:00 ET,多,201.39,187.74,208.25,2026-08-17 00:00 ET,空,186.78,187.8,208.25,2,1,偏多,1.7
AVGO,2026-08-18 15:30 ET,空,390.1,401.62,380.01,2026-08-18 00:00 ET,多,399.96,394.57,380.0,2026-08-17 00:00 ET,多,385.61,344.5,380.0,2,1,偏多,-3.17
CDNS,2026-08-18 15:30 ET,空,321.78,327.22,316.49,2026-08-18 00:00 ET,空,334.25,346.63,316.52,2026-08-17 00:00 ET,多,340.57,326.7,316.52,1,2,偏空,-2.15
CTAS,2026-08-18 15:30 ET,空,199.75,201.3,199.46,2026-08-18 00:00 ET,多,200.58,191.63,199.45,2026-08-17 00:00 ET,空,189.32,189.92,199.45,1,2,偏空,0.82
CSCO,2026-08-18 15:30 ET,空,112.57,115.45,111.64,2026-08-18 00:00 ET,多,116.31,113.4,111.61,2026-08-17 00:00 ET,多,108.54,90.48,111.61,2,1,偏多,-1.14
CCEP,2026-08-18 15:30 ET,空,107.03,107.06,107.51,2026-08-18 00:00 ET,多,106.99,103.55,107.5,2026-08-17 00:00 ET,多,102.0,95.61,107.5,2,1,偏多,1.83
CMCSA,2026-08-18 15:30 ET,多,25.95,25.58,26.2,2026-08-18 00:00 ET,多,24.99,24.77,26.2,2026-08-17 00:00 ET,空,25.34,27.89,26.2,2,1,偏多,2.46
CEG,2026-08-18 15:30 ET,多,275.28,275.04,266.9,2026-08-18 00:00 ET,多,269.91,269.66,266.83,2026-08-17 00:00 ET,空,275.27,287.26,266.83,2,1,偏多,-4.09
CPRT,2026-08-18 15:30 ET,多,31.62,30.55,31.52,2026-08-18 00:00 ET,空,29.78,30.19,31.51,2026-08-17 00:00 ET,空,31.49,37.57,31.51,1,2,偏空,-0.6
CRWV,2026-08-18 15:30 ET,多,100.1,97.76,93.17,2026-08-18 00:00 ET,空,91.27,92.04,93.17,2026-08-17 00:00 ET,多,92.86,91.27,93.17,2,1,偏多,-12.1
COST,2026-08-18 15:30 ET,多,959.75,954.23,961.66,2026-08-18 00:00 ET,空,951.38,958.28,961.35,2026-08-17 00:00 ET,多,962.84,955.34,961.35,2,1,偏多,0.82
CRWD,2026-08-18 15:30 ET,多,214.78,214.75,212.97,2026-08-18 00:00 ET,多,207.6,186.44,212.92,2026-08-17 00:00 ET,多,174.5,139.53,212.92,3,0,多头共振,-0.46
CSX,2026-08-18 15:30 ET,空,50.43,50.44,50.23,2026-08-18 00:00 ET,多,50.27,48.65,50.24,2026-08-17 00:00 ET,多,47.4,41.75,50.24,2,1,偏多,-0.67
DDOG,2026-08-18 15:30 ET,空,249.02,251.26,246.0,2026-08-18 00:00 ET,多,253.19,238.21,246.0,2026-08-17 00:00 ET,多,221.11,176.46,246.0,2,1,偏多,-0.53
DXCM,2026-08-18 15:30 ET,多,89.93,88.23,89.61,2026-08-18 00:00 ET,多,84.14,77.05,89.6,2026-08-17 00:00 ET,多,75.81,73.76,89.6,3,0,多头共振,0.95
FANG,2026-08-18 15:30 ET,多,206.13,201.53,210.03,2026-08-18 00:00 ET,多,198.35,193.88,210.02,2026-08-17 00:00 ET,多,191.51,176.34,210.02,3,0,多头共振,1.81
DASH,2026-08-18 15:30 ET,多,216.94,213.43,216.36,2026-08-18 00:00 ET,多,204.76,189.44,216.35,2026-08-17 00:00 ET,空,188.37,190.41,216.35,2,1,偏多,1.71
EXC,2026-08-18 15:30 ET,多,45.62,45.53,45.32,2026-08-18 00:00 ET,空,45.77,46.11,45.31,2026-08-17 00:00 ET,多,46.25,45.44,45.31,2,1,偏多,-0.57
FAST,2026-08-18 15:30 ET,多,51.35,51.08,51.27,2026-08-18 00:00 ET,多,49.86,47.76,51.27,2026-08-17 00:00 ET,多,47.38,44.86,51.27,3,0,多头共振,0.08
FER,2026-08-18 15:30 ET,空,63.91,64.63,63.42,2026-08-18 00:00 ET,空,64.83,65.81,63.4,2026-08-17 00:00 ET,多,66.01,62.59,63.4,1,2,偏空,-0.81
FTNT,2026-08-18 15:30 ET,空,158.45,160.12,157.95,2026-08-18 00:00 ET,多,159.38,148.13,158.01,2026-08-17 00:00 ET,多,138.46,111.26,158.01,2,1,偏多,1.39
GEHC,2026-08-18 15:30 ET,多,72.9,72.17,72.63,2026-08-18 00:00 ET,多,70.02,67.47,72.63,2026-08-17 00:00 ET,空,68.33,72.09,72.63,2,1,偏多,0.36
GILD,2026-08-18 15:30 ET,多,140.63,137.32,143.44,2026-08-18 00:00 ET,多,134.97,132.76,143.44,2026-08-17 00:00 ET,多,133.31,126.23,143.44,3,0,多头共振,3.25
HONA,2026-08-18 15:30 ET,空,163.29,169.87,160.74,2026-08-18 00:00 ET,-,,,,2026-08-17 00:00 ET,-,,,,0,1,待定,-0.5
HON,2026-08-18 15:30 ET,空,230.04,234.37,227.65,2026-08-18 00:00 ET,多,236.03,231.97,227.71,2026-08-17 00:00 ET,多,230.15,219.78,227.71,2,1,偏多,-0.76
IDXX,2026-08-18 15:30 ET,空,554.63,564.31,553.37,2026-08-18 00:00 ET,多,565.98,565.11,553.32,2026-08-17 00:00 ET,空,569.29,578.97,553.32,1,2,偏空,1.32
INTC,2026-08-18 15:30 ET,空,99.81,100.24,96.69,2026-08-18 00:00 ET,空,100.08,101.64,96.69,2026-08-17 00:00 ET,多,96.0,68.89,96.69,1,2,偏空,-6.58
INTU,2026-08-18 15:30 ET,多,345.75,337.72,350.31,2026-08-18 00:00 ET,多,325.51,322.03,350.41,2026-08-17 00:00 ET,空,345.09,461.88,350.41,2,1,偏多,4.41
ISRG,2026-08-18 15:30 ET,多,395.34,390.97,391.32,2026-08-18 00:00 ET,空,383.5,397.6,391.18,2026-08-17 00:00 ET,空,410.83,456.38,391.18,1,2,偏空,0.22
KDP,2026-08-18 15:30 ET,多,30.69,30.48,30.8,2026-08-18 00:00 ET,多,30.57,30.44,30.79,2026-08-17 00:00 ET,多,30.31,30.03,30.79,3,0,多头共振,1.68
